pre_type,post_type,Connectivity
Tm5b,MTe35,3042
Mi15,MeMe_e05,1537
Mi15,aMe19b,1465
Mi15,MTe12,1363
Tm20,MTe34,1236
Tm5a,MTe32,1196
Mi15,aMe5,1073
L5,MTe07,905
TmY4,LT75,875
Mi10,MeMe_e05,838
TmY5a,MTe33,677
Mi15,aMe9,657
Mi4,MTe46,636
Tm20,LT79,610
Mi10,MTe07,572
T2a,LT79,567
Mi10,aMe12,547
R7,aMe12,510
Tm5c,MTe35,489
Tm20,LTe76,446
R8,aMe12,423
TmY10,LTe54,409
Mi10,aMe5,399
Tm20,LCe01b,358
Tm20,LTe06,352
Tm5c,MTe32,337
Tm5a,LTe06,297
TmY4,LTe57,289
Tm5b,aMe5,287
Tm5c,MTe40,287
Tm5c,MTe33,273
TmY10,LTe51,270
Tm16,MTe34,270
TmY10,OA-AL2b1,268
Mi15,MeMe_e06,260
Tm5c,MeMe_e05,254
Tm5c,aMe5,245
TmY4,LTe37,224
Tm4,MTe46,222
Mi10,MeMe_e06,219
Tm16,aMe20,216
Tm3,MTe53,209
Mi4,MTe53,209
Mi4,aMe17c,206
TmY5a,LT57,205
TmY5a,LT75,205
TmY10,LTe06,203
TmY5a,MTe54,200
Mi10,MTe04,198
Tm5c,MeMe_e06,181
TmY5a,LTe40,175
Mi9,aMe5,172
Mi15,aMe12,165
TmY5a,LTe42b,159
TmY5a,MTe53,158
Mi10,aMe19b,155
Mi10,aMe19a,155
Tm5c,MTe09,155
L3,MTe07,152
TmY10,LTe25,152
L3,cM09,151
Tm5c,aMe12,151
Tm16,LTe51,149
Tm5b,LTe76,149
Tm5b,MTe33,144
Tm5a,MTe33,143
TmY3,MTe53,141
Tm5c,MTe12,139
TmY5a,LTe36,138
TmY5a,LTe45,136
Tm16,MTe46,135
Tm5a,LTe30,129
TmY5a,LTe26,129
TmY5a,LTe16,125
TmY10,cL10,124
TmY10,MTe14,123
Mi15,MTe35,121
Tm16,LTe54,121
TmY5a,LTe58,119
TmY5a,MTe34,118
Tm20,LTe30,118
Mi15,MTe26,118
TmY5a,LC37,114
Mi10,MTe38,114
Mi9,MeMe_e05,113
TmY10,LTe57,111
T2a,MTe45,110
Tm5a,LT67,110
TmY10,MTe26,109
TmY5a,LTe41,107
TmY5a,LTe57,107
Mi15,aMe19a,107
TmY10,LTe30,106
Tm4,MTe53,105
Tm5c,MTe53,105
Mi15,MTe04,103
Tm5b,LTe16,102
Tm5a,MTe30,100
TmY5a,LTe24,98
Mi9,MTe04,95
TmY5a,LTe30,94
TmY10,LTe02,94
Mi10,MTe35,93
TmY5a,LTe25,93
Tm20,LTe26,93
Tm5a,LCe01b,91
Mi15,MTe31,91
TmY10,LTe58,90
TmY10,LT43,89
Tm5a,LTe26,87
Tm5c,MTe04,86
Tm5b,LTe25,86
Tm16,LTe42b,85
Tm20,LT67,84
Tm16,LT43,83
Tm5b,MTe38,81
Tm4,MTe28,81
C3,LPT54,81
Tm5c,aMe9,78
TmY5a,OA-AL2b1,77
TmY4,cLLP02,76
TmY5a,LCe01b,74
TmY5a,cLLP02,71
TmY5a,MTe32,71
Tm20,MTe33,71
Mi4,MTe54,70
TmY5a,MTe35,70
Tm20,LC37,70
TmY4,LTe45,67
Tm16,LTe06,66
TmY10,LTe45,66
Tm5c,aMe19b,66
TmY10,aMe20,66
Tm5a,LC37,66
TmY5a,MTe22,63
Tm5b,LT79,63
TmY5a,LTe28,62
Mi4,MTe04,62
Tm20,aMe5,60
Tm5a,LT79,60
Tm5c,LTe26,60
L5,MTe31,59
Mi10,MTe12,59
Tm4,MTe31,59
TmY5a,LTe76,57
TmY10,LTe33,57
Tm3,MTe31,57
Mi10,MTe31,56
TmY5a,LTe62,56
Tm5b,LTe26,56
TmY10,LTe48,54
Tm16,LTe16,54
TmY3,LTe55,51
Tm5c,LTe06,51
Tm16,LTe42a,51
Tm5b,LTe55,51
TmY5a,LTe05,51
TmY4,LTe30,50
TmY5a,LPT54,49
TmY5a,LTe06,48
Tm5c,LT67,48
TmY5a,LTe02,48
Mi9,MTe53,48
TmY4,MTe53,47
Mi15,MTe07,47
TmY4,LTe35,47
Tm20,MTe35,47
TmY5a,MTe49,47
TmY10,LC37,47
R7,MTe25,46
TmY10,LTe50,46
TmY4,LTe58,46
Tm16,MTe28,46
Tm20,LC28c,45
Tm5a,LTe58,44
Tm5b,MTe22,44
TmY5a,MTe38,44
TmY5a,aMe20,43
TmY5a,aMe5,43
Mi1,MTe07,42
Tm5b,LT67,41
Tm5c,LTe37,41
Tm20,LTe58,40
Tm5b,MTe07,40
TmY4,LTe06,40
Tm16,DNp27,39
TmY10,MTe46,39
TmY10,LTe76,38
Mi10,MTe40,38
Tm5c,LTe42b,38
Mi15,aMe26,38
T2a,MTe26,38
Tm5b,MTe04,37
Tm5c,LTe58,37
Mi10,MTe22,37
Mi10,aMe10,37
TmY10,LC28c,37
Mi15,MTe40,37
Tm20,LTe25,36
Mi1,MTe53,36
Tm5b,MTe32,35
Tm5c,LT75,34
Tm5c,MTe22,34
TmY5a,LC40,34
Tm16,OA-AL2b1,33
Mi4,aMe5,33
TmY10,LT57,32
Mi15,MTe33,32
C3,MTe34,32
TmY10,LC28b,32
Tm5c,aMe10,32
TmY10,cLLP02,32
Tm5c,MTe26,31
TmY5a,MTe45,31
TmY10,LTe42a,31
TmY5a,LTe23,31
L3,aMe12,30
Tm16,PLP251,30
Tm5a,LTe57,30
TmY5a,LTe55,29
Tm5b,LTe35,29
Tm3,MeMe_e05,29
Tm16,LTe55,29
TmY10,MTe09,29
Mi9,aMe17c,29
Mi9,MTe54,29
L1,aMe12,28
Mi4,MTe07,28
TmY5a,LT67,28
Tm16,LTe50,28
TmY10,MTe28,27
Tm5a,LCe01a,27
Mi9,MTe07,27
Tm5b,MTe31,27
Tm5c,MTe31,26
TmY5a,LT79,26
TmY10,LTe28,26
TmY10,LTe36,26
Tm16,LTe48,26
TmY10,MTe49,25
T2a,DNp27,25
R7,MeMe_e05,25
Tm3,DNp27,25
Tm16,LTe24,25
TmY10,MTe45,25
Tm5c,LCe01b,25
Mi4,MTe28,25
Tm5c,MTe07,25
TmY15,MTe46,24
TmY4,LTe51,24
Tm16,cLLP02,24
TmY5a,LC28b,24
R7,MTe07,24
Tm16,LTe35,23
Tm20,MTe28,23
TmY10,cM09,23
Mi10,MTe53,23
Tm5c,,23
TmY4,,23
TmY4,aMe5,23
TmY10,LTe35,22
Tm5b,LTe58,22
Tm16,mALD2,22
Tm5c,LC40,22
R7,MTe40,22
Tm5a,OA-AL2b1,22
Mi4,aMe12,22
Tm16,LTe04,21
Tm16,LTe36,21
TmY10,MTe37,21
TmY15,LT79,20
Mi15,MTe30,20
TmY10,LTe26,20
Tm5c,LCe01a,20
TmY3,LTe16,20
L5,aMe12,20
TmY4,MTe34,20
TmY10,MTe34,20
Tm5a,MTe07,19
Tm20,MTe45,19
TmY10,MTe33,19
Tm5b,LTe40,19
Tm3,LTe55,19
Mi10,aMe17c,19
Tm5a,LTe76,19
TmY5a,LTe09,19
Tm5c,OA-AL2b1,19
Tm20,LTe33,19
Tm16,LTe28,18
Tm5c,LC37,18
Mi1,aMe12,18
Tm5b,OA-AL2b1,18
Tm5a,MTe35,18
Tm16,LTe02,18
Mi4,MTe40,17
TmY10,MTe32,17
Tm16,LTe25,17
Tm20,LTe36,17
Tm5c,LTe02,17
TmY4,OA-AL2b1,17
Tm20,MTe46,17
T2a,MTe33,17
Tm5b,aMe12,17
TmY5a,LTe33,17
L5,aMe17c,16
TmY5a,LTe51,16
TmY5a,LTe42a,16
Tm20,OA-AL2b1,16
Mi9,MTe46,16
Mi9,aMe12,16
Tm5c,aMe26,16
Tm16,LTe45,16
Tm5c,MTe38,16
Tm16,LT67,16
Tm16,LTe30,16
Tm5c,LTe30,16
T2a,LTe24,15
T5d,DNp27,15
Tm5a,MTe45,15
Tm20,MTe09,15
Tm5c,LTe55,15
TmY10,PLP251,15
L3,MTe14,15
TmY14,DNp27,15
Mi4,LPT54,15
Mi15,MTe38,15
Tm5c,LC33,15
Tm20,LTe16,14
Tm5c,LTe16,14
Tm16,LC36,14
Tm20,LTe55,14
TmY10,aMe5,14
Mi10,aMe9,14
Mi9,MTe45,14
Tm5a,LTe25,14
TmY10,LTe42b,14
TmY4,DNp27,14
Tm5b,LC37,14
Tm2,MTe53,14
Tm5b,MTe28,13
TmY10,LTe16,13
TmY5a,LTe54,13
C3,aMe12,13
Tm5c,LTe45,13
Tm5b,LCe01b,13
TmY10,LTe04,13
Tm3,LTe42a,13
TmY4,LC28c,13
Tm20,,13
Mi10,MTe33,13
TmY5a,DNp27,13
Tm5c,LT43,12
TmY5a,MTe46,12
TmY10,LT67,12
Tm3,MTe07,12
TmY10,LC40,12
Tm16,LTe57,12
Tm1,MTe46,12
Mi10,MTe26,12
TmY3,MTe07,12
TmY5a,LT43,12
Mi10,MTe32,12
TmY10,LTe24,12
TmY4,LTe40,12
Tm5c,LTe42a,12
Tm20,MTe54,12
Tm5b,LTe05,12
Mi9,LPT54,12
T2a,MTe46,12
Tm5c,LTe24,12
Tm5a,LTe55,12
Tm5a,LTe35,11
Lawf1,aMe12,11
Tm5c,LT57,11
Mi10,aMe6a,11
Mi10,cM09,11
Tm3,MTe46,11
TmY4,LT67,11
R8,cM09,11
R8,aMe5,11
Tm16,mALD1,11
TmY10,LTe23,11
Mi15,aMe10,11
Tm16,cL12,11
Mi15,MTe28,11
T4d,DNp27,11
T2a,LPT54,11
TmY3,LTe05,11
Tm20,MTe53,11
Tm5a,LTe24,11
Tm5a,LTe16,11
L1,MTe07,11
Tm5a,aMe5,11
Tm5a,aMe12,11
Tm16,LTe33,11
Tm3,aMe5,10
Mi15,MTe25,10
TmY10,MTe30,10
TmY15,DNp27,10
Tm5b,MTe30,10
R8,MTe07,10
Tm5b,MTe40,10
C3,aMe17c,10
TmY5a,LTe37,10
Tm5c,LTe25,10
Tm16,cL19,10
Tm3,aMe17c,10
TmY4,LT57,10
Tm20,MTe14,10
Tm5a,,10
TmY4,LC36,10
TmY10,LTe40,10
TmY10,LTe41,10
Mi4,MeMe_e05,10
Mi10,MTe05,10
T3,DNp27,10
Mi9,MTe40,9
R8,MeMe_e05,9
Tm20,LTe45,9
Tm5b,LTe06,9
TmY5a,MTe40,9
Tm5c,MTe25,9
Tm4,MTe34,9
R7,MTe14,9
Tm5c,MTe30,9
Mi15,MTe32,9
TmY15,aMe5,9
Tm16,LTe62,9
Tm16,LPT54,9
TmY4,LCe01b,9
Mi10,aMe26,9
TmY10,LPT54,9
TmY10,LCe01b,9
Tm5b,MTe12,9
Tm3,aMe12,9
TmY5a,MTe28,9
Tm5b,LTe30,9
Tm5c,LT79,8
Tm4,DNp27,8
Tm16,LTe58,8
Tm16,LCe01a,8
TmY10,LTe09,8
Mi10,LPT54,8
TmY4,LTe09,8
Mi14,MTe46,8
TmY3,DNp27,8
Tm20,aMe12,8
Tm20,MTe32,8
Tm20,LTe02,8
Tm4,LPT54,7
Tm9,MeMe_e05,7
TmY10,LC36,7
Tm16,PLP004,7
Tm16,LC28c,7
Tm16,LTe76,7
Tm5b,LT57,7
Tm5c,cM09,7
Mi10,MTe09,7
Tm4,cLLP02,7
TmY10,aMe12,7
TmY10,MTe53,7
TmY4,LTe42b,7
Tm3,LCe01b,7
Mi1,aMe17c,7
TmY10,PLP004,7
Tm20,LTe09,7
Tm20,LPT54,7
Tm4,LTe45,7
Tm4,LTe06,7
Mi10,MTe25,7
Mi2,MTe53,7
Tm4,LTe57,6
Tm16,MTe53,6
TmY5a,LCe01a,6
Tm4,LT57,6
TmY10,LTe37,6
TmY10,LTe62,6
Tm5c,DNp27,6
Tm16,LTe40,6
TmY10,5-HTPMPV01,6
Tm16,PLP215,6
TmY10,LT75,6
Tm16,LC40,6
TmY10,LTe73,6
T5c,DNp27,6
TmY10,,6
Tm2,MTe07,6
Tm5b,LTe24,6
Tm5a,MTe38,6
Mi15,MTe46,6
Mi15,MTe37,6
TmY5a,MTe30,6
R8,aMe6a,6
Tm5a,aMe9,6
Tm5b,DNp27,6
Tm5c,LTe54,6
TmY4,MTe46,6
Mi1,MeMe_e05,6
TmY5a,LTe35,6
Mi9,MTe35,6
Tm5b,MeMe_e05,6
T2a,MTe35,6
TmY5a,LC28c,6
T2a,MTe12,6
TmY10,MTe04,6
TmY14,LPT54,6
TmY4,LTe55,5
Mi14,LPT54,5
Tm5c,MTe28,5
Tm20,MTe12,5
Tm5b,aMe9,5
Tm5c,aMe19a,5
Tm4,LTe55,5
Tm16,MTe54,5
Tm16,LT57,5
Tm16,LTe05,5
Tm16,MTe09,5
TmY4,MTe33,5
Tm5b,LTe37,5
Tm16,MLt7,5
Tm16,cL10,5
T4d,LPT54,5
T4a,cLLP02,5
Tm5c,MTe46,5
R7,aMe6a,5
Tm5c,LTe76,5
Mi9,MTe33,5
Tm4,MTe45,5
TmY10,MeMe_e05,5
TmY10,MTe54,5
TmY10,MTe35,5
T2a,MTe07,5
T2a,MTe54,5
TmY10,cL19,5
Tm4,aMe12,5
TmY10,MTe25,5
Mi15,cL10,5
TmY4,LTe05,5
TmY4,LPT54,5
Tm5b,LTe41,5
Tm5a,MTe49,5
Mi2,MTe34,5
Tm3,MTe35,5
Mi2,MTe33,5
Mi15,aMe6a,5
TmY3,LPT54,5
TmY5a,cL10,5
Tm5a,MTe40,5
Mi15,,5
TmY4,LTe36,5
TmY9,LTe41,5
TmY5a,PLP251,5
TmY5a,MTe31,5
TmY5a,cL19,4
Tm5c,LTe51,4
Tm3,LTe42b,4
L5,aMe5,4
Tm20,LT57,4
Tm2,MTe35,4
Mi1,MTe46,4
T5a,cLLP02,4
Tm16,LC33,4
Tm16,LTe73,4
Tm1,MTe28,4
Tm5b,cLLP02,4
TmY5a,LTe04,4
T2a,MTe53,4
T2a,MTe31,4
T4c,DNp27,4
TmY5a,MTe09,4
Tm5a,MTe31,4
TmY5a,MTe12,4
Mi15,aMe17c,4
TmY3,aMe17c,4
Tm5b,LTe54,4
Tm5b,LTe57,4
TmY15,MTe07,4
TmY15,MTe53,4
TmY15,MTe40,4
Mi15,MTe17b,4
Tm5b,LTe42a,4
TmY4,LTe76,4
Mi14,MTe07,4
TmY4,LTe42a,4
Mi10,MTe46,4
TmY4,LTe16,4
Mi15,MTe22,4
Tm5a,LTe02,4
TmY10,aMe9,4
T2,LPT54,4
Tm5b,LTe62,4
Tm20,cLLP02,3
Tm3,MTe45,3
Lawf1,aMe17c,3
Tm5c,LTe09,3
Tm3,MTe26,3
Tm3,MTe04,3
Tm3,MTe28,3
Tm3,LTe24,3
Tm5a,MTe25,3
Tm3,LTe16,3
T5d,LPT54,3
Tm1,MTe09,3
Tm4,LTe16,3
Tm1,aMe12,3
Tm4,LTe42b,3
Tm16,aMe24,3
TmY10,LTe05,3
Tm16,LTe37,3
Tm16,aMe5,3
Tm16,MTe33,3
Tm16,aMe17c,3
Tm20,LT43,3
Tm2,MTe33,3
Tm4,LC36,3
Tm5c,LPT54,3
Tm16,LTe41,3
Tm5c,MTe05,3
Tm20,LTe51,3
Tm20,LC28b,3
Tm5c,MTe17b,3
Tm5c,cLLP02,3
Tm5c,aMe17c,3
Tm5c,aMe6a,3
TmY5a,aMe12,3
Tm20,aMe20,3
T2a,aMe17c,3
T2a,MTe34,3
T2a,MTe32,3
T1,aMe12,3
TmY10,MTe31,3
T3,MTe53,3
T5a,DNp27,3
Mi4,MTe33,3
Mi4,MTe35,3
Tm5a,LTe36,3
Tm5a,LTe41,3
Tm5a,MTe04,3
TmY10,PLP215,3
TmY10,mALD1,3
TmY10,cM08c,3
T2,MTe07,3
T2,MTe14,3
TmY14,MTe46,3
TmY15,LPT54,3
T2,MTe53,3
R7,aMe19a,3
T2,aMe5,3
T2,aMe10,3
Tm16,LT75,3
T2a,mALD2,3
TmY10,MTe07,3
TmY15,LTe24,3
Tm5a,MTe53,3
TmY15,aMe17c,3
Mi10,MTe30,3
TmY4,LTe41,3
Mi13,LPT54,3
TmY4,MLt7,3
Mi14,aMe17c,3
TmY4,LTe54,3
L3,MTe40,3
L4,aMe12,3
Tm5a,MTe34,3
TmY5a,MTe25,3
L5,MTe33,2
L4,aMe5,2
C3,MTe53,2
L3,MeMe_e05,2
Lawf2,LPT54,2
Lawf2,MTe04,2
Tm5b,MTe25,2
Tm5a,LTe40,2
C2,MeMe_e06,2
C2,aMe5,2
C2,cM09,2
C3,MTe04,2
Mi1,MTe31,2
L5,aMe10,2
Mi10,MTe14,2
Mi10,MTe20,2
Mi10,MTe28,2
Mi1,cM09,2
TmY5a,,2
TmY5a,LC36,2
Tm5a,LT57,2
Tm5a,LT75,2
Tm5a,LTe05,2
Tm5b,MTe34,2
Tm5b,MTe54,2
Tm5b,aMe20,2
Tm5a,cLLP02,2
TmY4,LTe62,2
TmY4,MTe32,2
Mi2,MTe28,2
Mi14,MTe53,2
Mi14,aMe12,2
Mi15,MLt7,2
Mi15,MTe14,2
TmY4,LTe26,2
Mi2,aMe5,2
Tm5a,LC28c,2
Tm4,LTe05,2
Tm5a,MTe09,2
TmY4,LC37,2
Mi15,cM09,2
TmY3,aMe19a,2
Mi2,MTe35,2
Mi2,MeMe_e05,2
Mi2,aMe12,2
Mi9,MTe28,2
TmY10,mALD2,2
TmY14,MTe53,2
TmY14,aMe17c,2
R7,MTe30,2
R7,aMe5,2
R8,MTe04,2
R8,MTe40,2
T2,DNp27,2
T2a,aMe5,2
T3,LT79,2
T2a,LTe25,2
Tm4,LCe01b,2
Tm5c,LTe05,2
Tm3,MTe34,2
Tm4,MTe54,2
Tm4,MeMe_e05,2
TmY10,MeMe_e06,2
T4a,DNp27,2
T4b,DNp27,2
TmY10,MTe17b,2
T2a,MTe40,2
Tm16,LTe23,2
Tm16,,2
Tm3,,2
Tm3,LPT54,2
Tm3,LT75,2
Tm3,LTe05,2
Tm5c,LTe57,2
Tm20,MTe49,2
Tm3,aMe10,2
T5a,LPT54,2
T5b,DNp27,2
T5b,aMe5,2
Tm1,LTe58,2
Tm16,aMe6a,2
Tm16,aMe9,2
Tm16,MTe07,2
Tm16,MTe12,2
Tm16,MTe40,2
TmY10,LT79,2
Tm16,LT79,2
Tm20,MTe22,2
Tm5c,MTe49,2
Tm20,LTe35,2
Tm3,MTe40,2
Tm20,aMe6a,2
Tm9,aMe12,2
Tm9,aMe5,2
TmY10,DNp27,2
TmY10,LCe01a,2
Tm20,LTe42a,2
Tm2,aMe17c,2
Tm20,DNp27,2
Tm9,MTe04,2
Tm9,MTe14,2
Tm16,cM09,2
Tm20,aMe19b,2
L1,MTe17b,2
L1,MeMe_e05,2
L2,aMe12,2
TmY5a,MTe14,2
C2,aMe12,2
L5,aMe19a,2
Lawf1,MTe07,2
Lawf1,MeMe_e05,2
C3,MTe07,2
TmY5a,MeMe_e05,2
C2,LPT54,2
Tm5b,LT75,2
Tm5b,LTe02,2
Tm5b,LTe36,2
C2,MTe07,2
L5,MTe25,1
C2,MTe25,1
Lawf2,MTe35,1
Lawf2,MTe46,1
Tm5b,LC28c,1
Tm5b,LC36,1
Tm5b,LT43,1
Tm5a,MTe22,1
Tm5a,MTe26,1
Tm5a,MTe28,1
Tm5a,MTe46,1
Tm5b,MTe05,1
Tm5a,LTe42a,1
C2,aMe19a,1
Lawf2,MTe53,1
Lawf2,aMe26,1
Lawf2,aMe9,1
Lawf2,cM09,1
Tm9,MTe40,1
Tm9,MTe53,1
TmY10,LC33,1
Tm20,LTe40,1
Tm20,LTe41,1
Tm2,MeMe_e05,1
Tm2,MeMe_e06,1
Tm20,LC40,1
Tm20,LCe01a,1
Tm20,LT75,1
Tm5c,mALD1,1
Tm9,MTe09,1
Tm16,cM08c,1
Tm20,MeMe_e06,1
Tm20,LTe42b,1
Tm20,LTe57,1
Tm2,MTe32,1
Tm20,MTe04,1
Tm20,MTe05,1
Tm20,MTe07,1
Tm20,MTe17b,1
Tm5c,MTe45,1
Tm5c,MTe54,1
Tm20,LTe05,1
Tm20,LTe28,1
Tm3,MTe38,1
Tm20,aMe26,1
Tm20,aMe9,1
Tm2,MTe37,1
Tm2,MTe38,1
Tm2,MTe46,1
Tm9,MTe28,1
Tm1,aMe26,1
T3,MTe28,1
T3,MTe31,1
Tm16,PLP177,1
Tm16,aMe10,1
Tm16,aMe19a,1
Tm16,MTe14,1
Tm16,MTe26,1
Tm16,MTe32,1
Tm16,MTe35,1
Tm16,MeMe_e05,1
Tm16,MTe04,1
Tm2,LPT54,1
Tm2,MTe04,1
Tm2,MTe14,1
Tm2,MTe25,1
Tm16,5-HTPMPV01,1
Tm16,LC28b,1
Tm16,LCe01b,1
Tm20,cM09,1
Tm3,LT79,1
Tm5c,MTe14,1
Tm20,MTe26,1
Tm20,MTe38,1
Tm3,MTe54,1
Tm3,MeMe_e06,1
Tm3,aMe19a,1
Tm3,aMe19b,1
Tm16,LCe09,1
Tm1,MTe14,1
Tm1,MTe32,1
Tm1,aMe19b,1
TmY10,MTe40,1
T2,LT79,1
T2,LTe09,1
T2,MTe22,1
T4a,LPT54,1
T4a,MTe53,1
T4b,cLLP02,1
T4c,LPT54,1
T4d,LTe09,1
T4d,cLLP02,1
TmY10,MLt7,1
TmY10,MTe12,1
TmY10,MTe22,1
T2a,MTe49,1
T2a,MeMe_e05,1
T2a,MeMe_e06,1
Tm4,,1
Tm5c,LTe04,1
Tm5c,LTe35,1
Tm5c,LTe36,1
Tm3,MTe09,1
Tm3,MTe12,1
Tm3,MTe33,1
Tm4,MTe32,1
Tm4,MTe33,1
Tm4,MTe35,1
T2a,LTe55,1
T2a,MTe04,1
T2a,MTe14,1
T2a,MTe25,1
T2a,MTe28,1
TmY10,MTe38,1
R7,MTe33,1
T2,MTe31,1
T2,MTe46,1
T2,aMe12,1
T2,aMe17c,1
T2,aMe9,1
T2a,,1
R7,aMe9,1
R7,cM09,1
R8,MTe25,1
TmY10,aMe17c,1
TmY10,aMe19a,1
TmY10,aMe19b,1
T2a,aMe19a,1
T3,LPT54,1
Tm3,cLLP02,1
TmY15,MTe31,1
TmY15,cLLP02,1
Mi4,MTe31,1
Mi4,MTe32,1
Mi4,MTe34,1
TmY10,cM12,1
TmY14,MTe07,1
TmY14,MTe28,1
TmY14,MTe32,1
TmY14,MTe54,1
TmY14,aMe12,1
TmY14,cLLP02,1
Mi9,aMe19a,1
Mi9,aMe9,1
R7,MTe04,1
R7,MTe32,1
TmY3,MeMe_e05,1
TmY3,OA-AL2b1,1
TmY3,aMe5,1
TmY3,cLLP02,1
Mi2,MTe30,1
Mi2,aMe26,1
R7,MTe35,1
R7,MTe38,1
Mi9,MTe05,1
Mi9,MTe22,1
Mi9,MeMe_e06,1
TmY15,LTe05,1
TmY15,LTe25,1
TmY15,LTe57,1
TmY15,MTe04,1
TmY15,MTe28,1
Tm5a,MTe14,1
TmY4,LC28b,1
TmY4,LC40,1
TmY4,LCe01a,1
TmY4,LT43,1
TmY4,LT79,1
Mi2,LPT54,1
Mi2,MTe04,1
Mi2,MTe07,1
Mi2,MTe14,1
Mi4,MTe45,1
Mi4,aMe9,1
TmY3,LT79,1
TmY3,MTe04,1
TmY3,MTe12,1
TmY3,MTe45,1
Mi4,,1
Mi4,MTe14,1
Mi4,MTe17b,1
Mi4,MTe25,1
Tm4,aMe26,1
Tm5a,DNp27,1
Tm4,LT75,1
Tm4,LT79,1
Tm4,LTe24,1
Tm4,LTe40,1
Tm4,MTe04,1
Tm4,MTe30,1
Tm5c,LC28c,1
Tm5a,LTe48,1
Tm5a,MTe05,1
Tm5a,MTe12,1
Mi14,MTe33,1
Mi14,MTe34,1
TmY4,MTe45,1
TmY4,MTe54,1
TmY4,PLP004,1
Mi10,MTe54,1
Mi2,MTe22,1
Mi2,MTe26,1
Mi15,MTe34,1
Mi15,MTe53,1
Mi14,MTe35,1
Mi14,aMe5,1
TmY4,LTe24,1
Mi10,cM12,1
Mi13,MTe07,1
Mi13,MTe32,1
Mi13,MTe40,1
Mi13,MTe53,1
Mi13,MeMe_e05,1
Mi13,aMe12,1
Tm5a,LPT54,1
Tm5b,MTe45,1
Tm5b,MTe49,1
Tm5b,aMe10,1
Tm5b,aMe26,1
Tm5a,MeMe_e05,1
Tm5a,aMe19a,1
Tm5a,aMe19b,1
Tm5b,,1
Mi13,aMe5,1
Mi13,aMe9,1
Mi14,MTe31,1
Mi1,LPT54,1
Mi1,MTe04,1
Mi1,MTe33,1
Mi1,MTe40,1
L5,MTe40,1
Mi10,cM08c,1
Mi10,MTe17b,1
Mi10,MTe34,1
Mi10,MTe45,1
Mi1,aMe19b,1
Mi1,aMe26,1
Mi1,aMe5,1
Mi1,aMe9,1
Mi10,,1
TmY5a,LC33,1
Mi13,MTe34,1
C2,MTe32,1
C2,aMe17c,1
C3,MTe46,1
TmY5a,MTe26,1
C3,MTe54,1
Lawf1,aMe19a,1
Lawf1,aMe5,1
Lawf1,aMe6a,1
Lawf1,aMe9,1
TmY5a,MTe07,1
L3,aMe17c,1
L4,MTe04,1
L4,MTe07,1
L4,MeMe_e05,1
C2,MTe35,1
Lawf2,MTe34,1
Tm20,MLt7,1
L1,MTe30,1
L1,MTe40,1
L1,MTe53,1
L1,aMe5,1
L1,cM09,1
L3,MTe04,1
Lawf1,MTe04,1
Lawf1,MTe40,1
TmY5a,MeMe_e06,1
TmY5a,aMe10,1
TmY5a,aMe17c,1
TmY5a,aMe9,1
Tm5b,LTe23,1
C2,MTe34,1
C2,MTe33,1
