pre_type,pre_class,in_current_subnet,connections,synapses,source_neurons,target_kcs
KCg-d,Kenyon_Cell,True,7516,9826,295,295
APL,MBIN,True,295,3828,2,295
KCg-m,Kenyon_Cell,True,3251,3614,1171,294
aMe12,,False,302,2511,7,168
MTe32,,False,70,1353,2,70
MTe30,,False,72,1119,2,72
LTe25,,False,65,962,2,65
PLP095,,False,60,759,2,60
PAM08,DAN,True,632,738,40,259
MTe40,,False,72,734,2,72
aMe20,,False,40,726,2,40
CL258,,False,46,561,4,46
AVLP043,,False,51,560,4,40
CL063,,False,199,529,2,199
LTe16,,False,23,468,2,23
LTe02,,False,38,440,4,34
PPL103,DAN,True,264,432,2,186
MTe38,,False,39,399,2,39
PAM01,DAN,True,366,395,33,200
LHPV3c1,,False,38,384,2,38
"PLP120,PLP145",,False,58,376,4,54
PLP251,,False,17,352,2,17
DPM,MBIN,False,159,260,2,159
PAM07,DAN,True,223,251,15,163
PLP231,,False,36,250,4,35
PAM12,DAN,True,231,245,22,155
LTe51,,False,34,240,2,34
MTe28,,False,13,231,2,13
LTe40,,False,19,226,2,19
KCg-s2,Kenyon_Cell,True,121,200,2,121
MTe35,,False,11,192,2,11
VP3+VP1l_ivPN,ALPN,True,12,189,2,11
LTe04,,False,14,173,2,14
MTe26,,False,24,170,2,24
LTe73,,False,8,170,2,8
VM1_lPN,ALPN,True,9,152,3,9
MTe22,,False,14,142,2,14
MTe12,,False,31,135,6,27
PVLP009,,False,12,132,4,12
KCg-s1,Kenyon_Cell,True,87,131,2,87
,,False,94,127,3,93
aMe26,,False,26,127,5,25
PPL101,DAN,True,112,125,2,95
MTe34,,False,9,114,2,9
DC3_adPN,ALPN,True,7,114,5,7
LTe50,,False,69,107,4,60
aMe9,,False,21,102,4,18
MBON09,MBON,True,82,97,4,75
OA-AL2b1,,False,71,91,2,69
LT75,,False,6,88,2,6
VP1d_il2PN,ALPN,True,7,79,2,6
PLP131,,False,54,78,2,54
CL200,,False,13,78,2,13
VP1m+VP5_ilPN,ALPN,True,7,75,2,5
MTe04,,False,57,73,13,47
VA1d_adPN,ALPN,True,4,72,3,4
PLP005,,False,6,67,2,6
LT67,,False,7,62,2,7
MB-C1,,False,26,60,4,21
AVLP041,,False,7,60,2,7
MBON05,MBON,True,47,55,2,47
VP5+Z_adPN,ALPN,True,6,54,2,6
VA1v_vPN,ALPN,True,37,53,2,35
LHPV8c1,,False,5,53,2,5
PLP177,,False,8,52,2,8
LTe30,,False,3,52,1,3
VM2_adPN,ALPN,True,3,51,2,3
MTe53,,False,13,51,9,10
MBON11,MBON,True,42,49,2,42
DA4m_adPN,ALPN,True,3,49,2,3
aMe5,,False,28,46,20,18
LT43,,False,27,40,4,25
MBON01,MBON,True,35,40,2,35
KCg-s3,Kenyon_Cell,True,25,39,1,25
LTe06,,False,9,39,2,9
CB2602,,False,4,37,2,4
SLP236,,False,3,36,2,3
MTe09,,False,31,35,6,28
DL2v_adPN,ALPN,True,2,34,2,1
SMP459,,False,5,33,1,5
PPL202,DAN,False,30,33,2,30
"PLP185,PLP186",,False,10,32,4,9
MeMe_e06,bilateral,False,24,32,2,24
VM4_adPN,ALPN,True,1,32,1,1
MBON27,MBON,True,31,31,2,31
MTe33,,False,5,29,2,5
OA-VUMa3,,False,25,27,2,24
D_adPN,ALPN,True,3,27,3,3
DP1m_adPN,ALPN,True,1,27,1,1
DA4l_adPN,ALPN,True,5,26,2,5
LTe26,,False,1,26,1,1
MeMe_e05,bilateral,False,14,26,2,13
VP1m_l2PN,ALPN,True,2,24,2,2
VES025,,False,3,23,2,2
VL2p_adPN,ALPN,True,3,21,2,3
VM7v_adPN,ALPN,True,2,21,2,2
VA2_adPN,ALPN,True,2,21,1,2
CB0656,,False,11,20,2,11
MTe17b,,False,3,20,1,3
DP1l_adPN,ALPN,True,3,19,1,3
CL064,,False,15,19,2,15
OA-VPM3,,False,13,18,2,13
DL1_adPN,ALPN,True,2,18,2,2
VM6_adPN,ALPN,True,2,18,2,2
VA4_lPN,ALPN,True,1,17,1,1
LTe58,,False,3,17,2,3
CL250,,False,2,17,2,2
OA-VPM4,,False,15,16,1,15
MBON32,MBON,True,16,16,2,16
MTe07,bilateral,False,14,16,9,10
DA1_lPN,ALPN,True,5,16,4,5
KCapbp-ap1,Kenyon_Cell,True,16,16,16,13
LTe55,,False,7,16,2,7
LTe54,,False,7,15,3,7
MBON20,MBON,True,14,14,2,14
CB2163,,False,5,14,2,5
MBON22,MBON,True,12,13,2,12
LTe09,,False,9,13,7,9
ATL042,,False,7,13,2,7
PLP004,,False,3,13,2,3
KCab,Kenyon_Cell,True,12,13,12,9
PLP069,,False,7,12,3,6
VC4_adPN,ALPN,True,1,12,1,1
CB1327,,False,1,12,1,1
VM3_adPN,ALPN,True,1,12,1,1
SMP146,,False,5,12,1,5
"SMP144,SMP150",,False,4,12,4,1
LT79,,False,1,12,1,1
V_ilPN,ALPN,True,2,11,2,1
CL352,,False,3,11,1,3
PAM05,DAN,True,10,11,8,5
MTe46,bilateral,False,5,11,3,5
MTe45,,False,7,10,2,7
aMe10,bilateral,False,6,10,2,5
SLP224,,False,2,10,1,2
LTe41,,False,2,10,1,2
VC5_lvPN,ALPN,True,2,10,2,2
LTe05,,False,1,10,1,1
PLP129,,False,7,9,2,7
MBON33,MBON,True,8,9,2,8
DA2_lPN,ALPN,True,1,9,1,1
aMe22,,False,9,9,2,9
VP4_vPN,ALPN,True,4,9,2,4
MTe54,,False,3,8,3,3
M_l2PNl23,ALPN,True,2,8,1,2
SIP064,,False,2,8,2,1
PAM02,DAN,True,6,8,6,6
PVLP104,,False,6,8,2,6
DC1_adPN,ALPN,True,1,7,1,1
LTe42b,,False,2,7,1,2
aMe24,,False,6,7,2,6
SMPp&v1B_H01,,False,7,7,2,6
CL133,,False,7,7,2,7
LTe42a,,False,1,7,1,1
SIP069,,False,1,7,1,1
CB0519,,False,4,7,2,4
mALD2,,False,5,7,2,5
mALB5,,False,1,7,1,1
PLP169,,False,4,7,2,4
MTe25,,False,6,7,2,6
CB3571,,False,6,6,2,6
SLP438,,False,5,6,2,5
SLP457,,False,5,6,2,4
CL359,,False,2,6,2,2
CL234,,False,3,6,2,2
CB4219,ALPN,True,3,6,2,3
VA7l_adPN,ALPN,True,1,6,1,1
LT57,,False,2,6,2,2
PLP144,,False,5,6,2,5
PLP119,,False,5,6,2,5
MBON30,MBON,True,5,6,2,5
PPL102,DAN,True,6,6,2,6
OA-VUMa8,,False,5,6,1,5
CB1062,,False,5,5,3,5
AVLP562,,False,5,5,2,5
LTe23,,False,4,5,1,4
MTe14,,False,4,5,3,4
CB3179,,False,1,5,1,1
SLP003,,False,4,5,2,4
MBON21,MBON,True,5,5,2,5
CB3496,,False,1,4,1,1
LCe01b,,False,4,4,4,2
AVLP594,,False,3,4,1,3
"SMP142,SMP145",,False,4,4,3,4
SLP122,,False,2,4,1,2
MBON35,MBON,True,4,4,2,4
CL127,,False,4,4,2,4
LTe57,,False,3,4,2,3
SLP270,,False,1,4,1,1
"CRZ01,CRZ02",,False,3,4,2,3
CL135,,False,2,4,1,2
LHPV2a5,,False,1,4,1,1
CL287,,False,1,4,1,1
DNp27,,False,4,4,2,4
PLP180,,False,3,3,3,3
PLP157,,False,2,3,2,1
"CL057,CL106",,False,1,3,1,1
CB0546,,False,2,3,1,2
PLP130,,False,3,3,2,3
CB1511,,False,1,3,1,1
CB0424,,False,3,3,1,3
aMe6a,,False,2,3,2,2
cL10,,False,2,3,1,2
KCab-p,Kenyon_Cell,True,3,3,3,2
LC40,,False,2,3,2,2
WED092c,,False,1,3,1,1
DNg30,,False,1,3,1,1
WED182,,False,1,3,1,1
aMe19a,bilateral,False,2,3,2,2
OA-VUMa2,,False,3,3,1,3
PVLP008,,False,3,3,3,3
CB3676,,False,3,3,2,3
PLP001,,False,3,3,1,3
CB2495,,False,3,3,2,3
"M_ilPNm90,M_ilPN8t91",ALPN,True,2,3,2,2
CRE068,,False,2,3,1,2
LTe37,,False,2,3,2,2
LTe36,,False,3,3,2,3
PPM1201,,False,3,3,2,3
SLP004,,False,2,3,2,2
mALD1,,False,2,3,2,2
LHPV9b1,,False,2,3,2,2
AVLP498,,False,3,3,1,3
CB1412,,False,2,3,1,2
SLP462,,False,2,3,1,2
SMP340,,False,2,3,1,2
LC28b,,False,3,3,2,3
mALC6,,False,2,2,2,2
SMP452,,False,1,2,1,1
cLLP02,,False,2,2,1,2
CB1857,,False,1,2,1,1
DM3_adPN,ALPN,True,1,2,1,1
DN1-l,,False,1,2,1,1
DNp62,,False,2,2,1,2
CL315,,False,2,2,1,2
SLP255,,False,2,2,1,2
LHPV12a1,,False,2,2,1,2
"CRE060,CRE067",,False,2,2,2,2
LHPV2c2b,,False,1,2,1,1
LPT54,,False,1,2,1,1
SLP463,,False,2,2,1,2
SMP056,,False,2,2,1,2
SLP395,,False,2,2,1,2
LHPV5i1,,False,2,2,2,2
SLP295a,,False,2,2,1,2
SMP284a,,False,2,2,1,2
LC33,,False,2,2,2,2
cM08c,,False,2,2,1,2
AVLP089,,False,2,2,2,2
KCapbp-m,Kenyon_Cell,True,2,2,2,2
SMP495b,,False,2,2,2,2
SMP331a,,False,2,2,2,2
LTe24,,False,2,2,1,2
VA7m_lPN,ALPN,True,2,2,1,2
VES003,,False,2,2,2,2
"SLP098,SLP133",,False,2,2,2,2
SLP206,,False,2,2,1,2
LTe48,,False,1,2,1,1
LTe35,,False,1,2,1,1
PPL201,DAN,False,2,2,2,2
VA3_adPN,ALPN,True,2,2,2,2
"TuBu09,TuBu10",TuBu,False,2,2,2,2
DA1_vPN,ALPN,True,2,2,1,2
CL129,,False,2,2,1,2
CL130,,False,1,2,1,1
CL149,,False,1,2,1,1
CL141,,False,1,2,1,1
CL152,,False,2,2,1,2
CL027,,False,2,2,2,2
CL004,,False,2,2,2,2
CL015,,False,1,2,1,1
MBON15-like,MBON,True,1,2,1,1
MBON12,MBON,True,2,2,2,2
PVLP118,,False,2,2,1,2
"CL123,CRE061",,False,1,2,1,1
VESa2_H02,,False,2,2,1,2
MTe31,,False,1,2,1,1
CL071b,,False,1,2,1,1
VES004,,False,2,2,1,2
M_lPNm11D,ALPN,True,2,2,2,2
M_lPNm11C,ALPN,True,1,2,1,1
OA-ASM3,,False,2,2,1,2
PLP171,,False,1,2,1,1
PLP182,,False,1,2,1,1
"PLP198,SLP361",,False,2,2,2,2
PLP199,,False,2,2,2,2
CB0670,,False,2,2,2,2
CB3724,,False,1,2,1,1
CB0431,,False,2,2,1,2
CB3577,,False,2,2,1,2
CB0485,,False,2,2,2,2
CB2141,,False,1,2,1,1
PAM06,DAN,True,2,2,2,2
PLP079,,False,2,2,2,2
mALD3,,False,2,2,2,2
AVLP042,,False,1,1,1,1
AVLP563,,False,1,1,1,1
AVLP584,,False,1,1,1,1
AVLP595,,False,1,1,1,1
CB0073,,False,1,1,1,1
CB0102,,False,1,1,1,1
CB0376,,False,1,1,1,1
cL12,,False,1,1,1,1
cL19,,False,1,1,1,1
cM09,,False,1,1,1,1
cM12,,False,1,1,1,1
AN_multi_28,AN,False,1,1,1,1
PLP058,,False,1,1,1,1
PLP064_a,,False,1,1,1,1
"PLP084,PLP085",,False,1,1,1,1
PLP086b,,False,1,1,1,1
PLP089b,,False,1,1,1,1
PLP094,,False,1,1,1,1
PLP115_a,,False,1,1,1,1
OA-VUMa6,,False,1,1,1,1
OCG02c,ocellar,False,1,1,1,1
PAM11,DAN,True,1,1,1,1
PFR,CX,False,1,1,1,1
PLP052,,False,1,1,1,1
M_l2PNm14,ALPN,True,1,1,1,1
M_l2PNm16,ALPN,True,1,1,1,1
M_smPN6t2,ALPN,True,1,1,1,1
PLP162,,False,1,1,1,1
PLP174,,False,1,1,1,1
PLP215,,False,1,1,1,1
MTe37,,False,1,1,1,1
MTe49,,False,1,1,1,1
MTe53,ME,False,1,1,1,1
MBON29,MBON,True,1,1,1,1
MLt7,ME>LO,False,1,1,1,1
MTe05,,False,1,1,1,1
MTe20,,False,1,1,1,1
PPL203,DAN,False,1,1,1,1
PS182,,False,1,1,1,1
PS185b,,False,1,1,1,1
PS292,,False,1,1,1,1
PVLP003,,False,1,1,1,1
PVLP101c,,False,1,1,1,1
"SIP055,SLP245",,False,1,1,1,1
LTe62,,False,1,1,1,1
LTe76,,False,1,1,1,1
MBON04,MBON,True,1,1,1,1
MBON26,MBON,True,1,1,1,1
LTe33,,False,1,1,1,1
LTe45,,False,1,1,1,1
LTe28,,False,1,1,1,1
SLP056,,False,1,1,1,1
SLP080,,False,1,1,1,1
SLP130,,False,1,1,1,1
SLP137,,False,1,1,1,1
SLP170,,False,1,1,1,1
SLP223,,False,1,1,1,1
LHPD5d1,,False,1,1,1,1
LHPV1d1,,False,1,1,1,1
LHPV2a1_a,,False,1,1,1,1
LHPV2a1_d,,False,1,1,1,1
LHPV4l1,,False,1,1,1,1
LHPV5b3,,False,1,1,1,1
LHPV6h1,,False,1,1,1,1
SLP383,,False,1,1,1,1
SLP384,,False,1,1,1,1
SLP456,,False,1,1,1,1
SMP010,,False,1,1,1,1
SMP044,,False,1,1,1,1
"SMP143,SMP149",,False,1,1,1,1
LAL198,,False,1,1,1,1
LC28c,,False,1,1,1,1
LC36,,False,1,1,1,1
LC37,,False,1,1,1,1
LCe01a,,False,1,1,1,1
LCe09,,False,1,1,1,1
LHAV3p1,,False,1,1,1,1
LHAV4i2,,False,1,1,1,1
LHCENT3,LHCENT,False,1,1,1,1
LHMB1,,False,1,1,1,1
LHPD1b1,,False,1,1,1,1
LHPD5c1,,False,1,1,1,1
SMP151,,False,1,1,1,1
SMP176,,False,1,1,1,1
SMP201,,False,1,1,1,1
SMP284b,,False,1,1,1,1
SMP339,,False,1,1,1,1
SMP360,,False,1,1,1,1
SMP371,,False,1,1,1,1
SMP384,,False,1,1,1,1
SMP494,,False,1,1,1,1
SMP542,,False,1,1,1,1
FB4O,CX,False,1,1,1,1
FB4R,CX,False,1,1,1,1
IB017,,False,1,1,1,1
KCapbp-ap2,Kenyon_Cell,True,1,1,1,1
LAL100,,False,1,1,1,1
LAL145,,False,1,1,1,1
DM5_lPN,ALPN,True,1,1,1,1
CL272_b,,False,1,1,1,1
CL283b,,False,1,1,1,1
CL317,,False,1,1,1,1
"CRE008,CRE010",,False,1,1,1,1
CRE066,,False,1,1,1,1
CRE107,,False,1,1,1,1
SMP578,,False,1,1,1,1
TuBu08,TuBu,False,1,1,1,1
VA6_adPN,ALPN,True,1,1,1,1
VC3_adPN,ALPN,True,1,1,1,1
CL126,,False,1,1,1,1
CL175,,False,1,1,1,1
"CL231,CL238",,False,1,1,1,1
CL246,,False,1,1,1,1
CB3776,,False,1,1,1,1
CL002,,False,1,1,1,1
CL028,,False,1,1,1,1
CL083,,False,1,1,1,1
CL096,,False,1,1,1,1
CL104,,False,1,1,1,1
CL110,,False,1,1,1,1
CL112,,False,1,1,1,1
VL1_ilPN,ALPN,True,1,1,1,1
VL1_vPN,ALPN,True,1,1,1,1
VM4_lvPN,ALPN,True,1,1,1,1
VP1d+VP4_l2PN1,ALPN,True,1,1,1,1
CB2122,,False,1,1,1,1
CB2567,,False,1,1,1,1
CB2709,,False,1,1,1,1
CB2720,,False,1,1,1,1
CB3001,,False,1,1,1,1
CB3386,,False,1,1,1,1
CB1063,,False,1,1,1,1
CB1218,,False,1,1,1,1
CB1558,,False,1,1,1,1
CB1891,,False,1,1,1,1
CB2035,,False,1,1,1,1
VP2_adPN,ALPN,True,1,1,1,1
WED092d,,False,1,1,1,1
WED181,,False,1,1,1,1
WEDPN12,,False,1,1,1,1
aMe17c,,False,1,1,1,1
aMe19b,bilateral,False,1,1,1,1
AN_multi_115,AN,False,1,1,1,1
AN_multi_105,AN,False,1,1,1,1
5-HTPMPV01,,False,1,1,1,1
oviIN,,False,1,1,1,1
