Presynaptic_ID,Postsynaptic_ID,Presynaptic_Index,Postsynaptic_Index,Connectivity,Excitatory,Excitatory x Connectivity,pre_type,post_type,pre_side,post_side
720575940609627403,720575940626950147,7753,79340,8,1,8,aMe12,KCg-d,left,right
720575940609627403,720575940627251216,7753,81306,5,1,5,aMe12,KCg-d,left,left
720575940609627403,720575940620226729,7753,42495,9,1,9,aMe12,KCg-d,left,right
720575940609627403,720575940605829297,7753,2313,9,1,9,aMe12,KCg-d,left,left
720575940609627403,720575940650545398,7753,136846,5,1,5,aMe12,KCg-d,left,left
720575940609627403,720575940628080902,7753,86140,5,1,5,aMe12,KCg-d,left,left
720575940609627403,720575940617150878,7753,29821,1,1,1,aMe12,KCg-d,left,left
720575940609627403,720575940623231428,7753,59569,3,1,3,aMe12,KCg-d,left,left
720575940609627403,720575940637037126,7753,121616,2,1,2,aMe12,KCg-d,left,left
720575940609627403,720575940622013097,7753,52530,13,1,13,aMe12,KCg-d,left,left
720575940609627403,720575940626111175,7753,74936,15,1,15,aMe12,KCg-d,left,right
720575940609627403,720575940623430365,7753,60685,9,1,9,aMe12,KCg-d,left,left
720575940609627403,720575940616284955,7753,26742,10,1,10,aMe12,KCg-d,left,left
720575940609627403,720575940636363621,7753,120153,12,1,12,aMe12,KCg-d,left,left
720575940609627403,720575940632271780,7753,107667,1,1,1,aMe12,KCg-d,left,left
720575940609627403,720575940615543995,7753,24198,3,1,3,aMe12,KCg-d,left,left
720575940609627403,720575940616588608,7753,27824,1,1,1,aMe12,KCg-d,left,right
720575940609627403,720575940630834503,7753,100830,10,1,10,aMe12,KCg-d,left,left
720575940609627403,720575940644838766,7753,133613,7,1,7,aMe12,KCg-d,left,right
720575940609627403,720575940615544249,7753,24199,18,1,18,aMe12,KCg-d,left,right
720575940609627403,720575940633023935,7753,110974,1,1,1,aMe12,KCg-d,left,left
720575940609627403,720575940617672139,7753,31801,1,1,1,aMe12,KCg-d,left,right
720575940609627403,720575940616076761,7753,26024,5,1,5,aMe12,KCg-d,left,right
720575940609627403,720575940608413193,7753,5992,4,1,4,aMe12,KCg-d,left,left
720575940609627403,720575940637165157,7753,121880,1,1,1,aMe12,KCg-d,left,left
720575940609627403,720575940633386603,7753,112307,13,1,13,aMe12,KCg-d,left,left
720575940609627403,720575940604249790,7753,556,12,1,12,aMe12,KCg-d,left,left
720575940609627403,720575940622776013,7753,56921,22,1,22,aMe12,KCg-d,left,left
720575940609627403,720575940621936362,7753,52147,8,1,8,aMe12,KCg-d,left,left
720575940609627403,720575940619155182,7753,38063,26,1,26,aMe12,KCg-d,left,left
720575940609627403,720575940630218552,7753,97520,2,1,2,aMe12,KCg-d,left,right
720575940609627403,720575940631492419,7753,104244,1,1,1,aMe12,KCg-d,left,left
720575940609627403,720575940619229037,7753,38319,25,1,25,aMe12,KCg-d,left,left
720575940609627403,720575940614311842,7753,19965,1,1,1,aMe12,KCg-d,left,right
720575940609627403,720575940636555182,7753,120553,1,1,1,aMe12,KCg-d,left,left
720575940622446106,720575940627251216,55108,81306,6,1,6,aMe12,KCg-d,left,left
720575940622446106,720575940621084771,55108,47211,1,1,1,aMe12,KCg-d,left,right
720575940622446106,720575940645269614,55108,134113,2,1,2,aMe12,KCg-d,left,right
720575940622446106,720575940620226729,55108,42495,1,1,1,aMe12,KCg-d,left,right
720575940622446106,720575940605829297,55108,2313,5,1,5,aMe12,KCg-d,left,left
720575940622446106,720575940625604839,55108,72259,1,1,1,aMe12,KCg-d,left,right
720575940622446106,720575940628080902,55108,86140,1,1,1,aMe12,KCg-d,left,left
720575940622446106,720575940643195159,55108,132152,9,1,9,aMe12,KCg-d,left,left
720575940622446106,720575940605550950,55108,1862,1,1,1,aMe12,KCg-d,left,right
720575940622446106,720575940623231428,55108,59569,10,1,10,aMe12,KCg-d,left,left
720575940622446106,720575940628025799,55108,85806,15,1,15,aMe12,KCg-d,left,left
720575940622446106,720575940625721866,55108,72863,2,1,2,aMe12,KCg-d,left,right
720575940622446106,720575940606929419,55108,4033,25,1,25,aMe12,KCg-d,left,left
720575940622446106,720575940622017148,55108,52554,28,1,28,aMe12,KCg-d,left,left
720575940622446106,720575940616295069,55108,26779,1,1,1,aMe12,KCg-d,left,left
720575940622446106,720575940618904229,55108,37030,20,1,20,aMe12,KCg-d,left,left
720575940622446106,720575940605792946,55108,2236,4,1,4,aMe12,KCg-d,left,right
720575940622446106,720575940602829536,55108,84,1,1,1,aMe12,KCg-d,left,left
720575940622446106,720575940615910228,55108,25396,6,1,6,aMe12,KCg-d,left,right
720575940622446106,720575940643466094,55108,132331,1,1,1,aMe12,KCg-d,left,left
720575940622446106,720575940619949040,55108,41137,7,1,7,aMe12,KCg-d,left,left
720575940622446106,720575940630428667,55108,98579,1,1,1,aMe12,KCg-d,left,left
720575940622446106,720575940620227617,55108,42501,9,1,9,aMe12,KCg-d,left,left
720575940622446106,720575940621796390,55108,51386,29,1,29,aMe12,KCg-d,left,left
720575940622446106,720575940608312533,55108,5817,1,1,1,aMe12,KCg-d,left,right
720575940622446106,720575940628321539,55108,87543,3,1,3,aMe12,KCg-d,left,right
720575940622446106,720575940628215056,55108,86910,9,1,9,aMe12,KCg-d,left,right
720575940622446106,720575940644838766,55108,133613,12,1,12,aMe12,KCg-d,left,right
720575940622446106,720575940617672139,55108,31801,2,1,2,aMe12,KCg-d,left,right
720575940622446106,720575940620236270,55108,42548,1,1,1,aMe12,KCg-d,left,left
720575940622446106,720575940626941446,55108,79289,9,1,9,aMe12,KCg-d,left,right
720575940622446106,720575940608413193,55108,5992,1,1,1,aMe12,KCg-d,left,left
720575940622446106,720575940622884499,55108,57473,6,1,6,aMe12,KCg-d,left,left
720575940622446106,720575940619155182,55108,38063,3,1,3,aMe12,KCg-d,left,left
720575940622446106,720575940626460420,55108,76587,3,1,3,aMe12,KCg-d,left,left
720575940622446106,720575940608399115,55108,5968,13,1,13,aMe12,KCg-d,left,left
720575940622446106,720575940615608123,55108,24381,1,1,1,aMe12,KCg-d,left,right
720575940622446106,720575940631492419,55108,104244,1,1,1,aMe12,KCg-d,left,left
720575940622446106,720575940645949316,55108,134785,5,1,5,aMe12,KCg-d,left,left
720575940622446106,720575940632182692,55108,107301,2,1,2,aMe12,KCg-d,left,right
720575940622446106,720575940636555182,55108,120553,11,1,11,aMe12,KCg-d,left,left
720575940622446106,720575940620347329,55108,43055,18,1,18,aMe12,KCg-d,left,left
720575940622446106,720575940604497888,55108,701,14,1,14,aMe12,KCg-d,left,left
720575940622446106,720575940617576422,55108,31408,5,1,5,aMe12,KCg-d,left,right
720575940625459464,720575940634468463,71564,115294,4,1,4,aMe12,KCg-d,right,right
720575940625459464,720575940620226729,71564,42495,4,1,4,aMe12,KCg-d,right,right
720575940625459464,720575940605829297,71564,2313,3,1,3,aMe12,KCg-d,right,left
720575940625459464,720575940610353381,71564,8998,1,1,1,aMe12,KCg-d,right,right
720575940625459464,720575940618776833,71564,36541,1,1,1,aMe12,KCg-d,right,right
720575940625459464,720575940643195159,71564,132152,10,1,10,aMe12,KCg-d,right,left
720575940625459464,720575940626649433,71564,77550,1,1,1,aMe12,KCg-d,right,right
720575940625459464,720575940625766984,71564,73091,8,1,8,aMe12,KCg-d,right,right
720575940625459464,720575940606691932,71564,3685,16,1,16,aMe12,KCg-d,right,left
720575940625459464,720575940616295069,71564,26779,1,1,1,aMe12,KCg-d,right,left
720575940625459464,720575940605792946,71564,2236,6,1,6,aMe12,KCg-d,right,right
720575940625459464,720575940626111175,71564,74936,10,1,10,aMe12,KCg-d,right,right
720575940625459464,720575940627452689,71564,82540,9,1,9,aMe12,KCg-d,right,right
720575940625459464,720575940615332674,71564,23468,2,1,2,aMe12,KCg-d,right,left
720575940625459464,720575940618163013,71564,33901,6,1,6,aMe12,KCg-d,right,left
720575940625459464,720575940621146956,71564,47590,7,1,7,aMe12,KCg-d,right,right
720575940625459464,720575940615910228,71564,25396,8,1,8,aMe12,KCg-d,right,right
720575940625459464,720575940631577569,71564,104666,14,1,14,aMe12,KCg-d,right,right
720575940625459464,720575940626951171,71564,79346,2,1,2,aMe12,KCg-d,right,right
720575940625459464,720575940623977545,71564,63649,1,1,1,aMe12,KCg-d,right,right
720575940625459464,720575940619769008,71564,40379,11,1,11,aMe12,KCg-d,right,right
720575940625459464,720575940621810871,71564,51493,8,1,8,aMe12,KCg-d,right,right
720575940625459464,720575940608312533,71564,5817,19,1,19,aMe12,KCg-d,right,right
720575940625459464,720575940628350211,71564,87726,11,1,11,aMe12,KCg-d,right,right
720575940625459464,720575940621073840,71564,47150,4,1,4,aMe12,KCg-d,right,right
720575940625459464,720575940636562916,71564,120574,8,1,8,aMe12,KCg-d,right,left
720575940625459464,720575940621936362,71564,52147,1,1,1,aMe12,KCg-d,right,left
720575940625459464,720575940619695860,71564,40034,1,1,1,aMe12,KCg-d,right,right
720575940625459464,720575940612020008,71564,12870,12,1,12,aMe12,KCg-d,right,right
720575940625459464,720575940615608123,71564,24381,3,1,3,aMe12,KCg-d,right,right
720575940625459464,720575940631492419,71564,104244,2,1,2,aMe12,KCg-d,right,left
720575940625459464,720575940620205951,71564,42404,2,1,2,aMe12,KCg-d,right,right
720575940625459464,720575940614311842,71564,19965,16,1,16,aMe12,KCg-d,right,right
720575940625459464,720575940604497888,71564,701,1,1,1,aMe12,KCg-d,right,left
720575940625459464,720575940624465900,71564,66538,16,1,16,aMe12,KCg-d,right,right
720575940625459464,720575940628836345,71564,90498,1,1,1,aMe12,KCg-d,right,right
720575940632489743,720575940626950147,108712,79340,1,1,1,aMe12,KCg-d,right,right
720575940632489743,720575940627251216,108712,81306,1,1,1,aMe12,KCg-d,right,left
720575940632489743,720575940645269614,108712,134113,7,1,7,aMe12,KCg-d,right,right
720575940632489743,720575940605829297,108712,2313,1,1,1,aMe12,KCg-d,right,left
720575940632489743,720575940623231428,108712,59569,2,1,2,aMe12,KCg-d,right,left
720575940632489743,720575940627028773,108712,79827,1,1,1,aMe12,KCg-d,right,right
720575940632489743,720575940634661806,108712,115728,1,1,1,aMe12,KCg-d,right,right
720575940632489743,720575940626951171,108712,79346,3,1,3,aMe12,KCg-d,right,right
720575940632489743,720575940608312533,108712,5817,5,1,5,aMe12,KCg-d,right,right
720575940632489743,720575940636026089,108712,119414,29,1,29,aMe12,KCg-d,right,right
720575940632489743,720575940628215056,108712,86910,3,1,3,aMe12,KCg-d,right,right
720575940632489743,720575940636636486,108712,120754,10,1,10,aMe12,KCg-d,right,right
720575940632489743,720575940621073840,108712,47150,12,1,12,aMe12,KCg-d,right,right
720575940632489743,720575940615544249,108712,24199,1,1,1,aMe12,KCg-d,right,right
720575940632489743,720575940610709106,108712,9717,4,1,4,aMe12,KCg-d,right,right
720575940632489743,720575940634906286,108712,116351,8,1,8,aMe12,KCg-d,right,left
720575940632489743,720575940612023983,108712,12875,10,1,10,aMe12,KCg-d,right,right
720575940632489743,720575940642021064,108712,131233,12,1,12,aMe12,KCg-d,right,right
720575940632489743,720575940643741384,108712,132517,6,1,6,aMe12,KCg-d,right,left
720575940632489743,720575940615608123,108712,24381,3,1,3,aMe12,KCg-d,right,right
720575940632489743,720575940620205951,108712,42404,4,1,4,aMe12,KCg-d,right,right
720575940632489743,720575940617576422,108712,31408,10,1,10,aMe12,KCg-d,right,right
720575940632489743,720575940624465900,108712,66538,18,1,18,aMe12,KCg-d,right,right
720575940640715392,720575940627251216,129836,81306,10,1,10,aMe12,KCg-d,left,left
720575940640715392,720575940625786899,129836,73198,18,1,18,aMe12,KCg-d,left,right
720575940640715392,720575940645269614,129836,134113,8,1,8,aMe12,KCg-d,left,right
720575940640715392,720575940605829297,129836,2313,19,1,19,aMe12,KCg-d,left,left
720575940640715392,720575940618776833,129836,36541,1,1,1,aMe12,KCg-d,left,right
720575940640715392,720575940628080902,129836,86140,13,1,13,aMe12,KCg-d,left,left
720575940640715392,720575940605550950,129836,1862,8,1,8,aMe12,KCg-d,left,right
720575940640715392,720575940627800446,129836,84502,1,1,1,aMe12,KCg-d,left,left
720575940640715392,720575940623231428,129836,59569,4,1,4,aMe12,KCg-d,left,left
720575940640715392,720575940622621164,129836,55999,1,1,1,aMe12,KCg-d,left,right
720575940640715392,720575940616442369,129836,27318,10,1,10,aMe12,KCg-d,left,left
720575940640715392,720575940625721866,129836,72863,20,1,20,aMe12,KCg-d,left,right
720575940640715392,720575940606929419,129836,4033,20,1,20,aMe12,KCg-d,left,left
720575940640715392,720575940611336726,129836,11059,6,1,6,aMe12,KCg-d,left,left
720575940640715392,720575940615373398,129836,23607,6,1,6,aMe12,KCg-d,left,right
720575940640715392,720575940637540952,129836,122736,19,1,19,aMe12,KCg-d,left,right
720575940640715392,720575940610370201,129836,9028,16,1,16,aMe12,KCg-d,left,right
720575940640715392,720575940616295069,129836,26779,7,1,7,aMe12,KCg-d,left,left
720575940640715392,720575940620002036,129836,41388,25,1,25,aMe12,KCg-d,left,left
720575940640715392,720575940625488659,129836,71713,3,1,3,aMe12,KCg-d,left,left
720575940640715392,720575940627028773,129836,79827,9,1,9,aMe12,KCg-d,left,right
720575940640715392,720575940636363621,129836,120153,4,1,4,aMe12,KCg-d,left,left
720575940640715392,720575940622001020,129836,52469,41,1,41,aMe12,KCg-d,left,left
720575940640715392,720575940633572250,129836,112879,31,1,31,aMe12,KCg-d,left,left
720575940640715392,720575940632839085,129836,110281,5,1,5,aMe12,KCg-d,left,right
720575940640715392,720575940617036729,129836,29430,18,1,18,aMe12,KCg-d,left,right
720575940640715392,720575940631448531,129836,104029,1,1,1,aMe12,KCg-d,left,right
720575940640715392,720575940625343546,129836,70984,21,1,21,aMe12,KCg-d,left,right
720575940640715392,720575940618110021,129836,33658,1,1,1,aMe12,KCg-d,left,left
720575940640715392,720575940608312533,129836,5817,17,1,17,aMe12,KCg-d,left,right
720575940640715392,720575940636026089,129836,119414,8,1,8,aMe12,KCg-d,left,right
720575940640715392,720575940625777939,129836,73153,1,1,1,aMe12,KCg-d,left,right
720575940640715392,720575940629644666,129836,94583,1,1,1,aMe12,KCg-d,left,right
720575940640715392,720575940625003907,129836,69324,18,1,18,aMe12,KCg-d,left,left
720575940640715392,720575940619511206,129836,39298,7,1,7,aMe12,KCg-d,left,left
720575940640715392,720575940626433448,129836,76465,21,1,21,aMe12,KCg-d,left,left
720575940640715392,720575940633023935,129836,110974,6,1,6,aMe12,KCg-d,left,left
720575940640715392,720575940609555922,129836,7648,9,1,9,aMe12,KCg-d,left,left
720575940640715392,720575940617293268,129836,30306,1,1,1,aMe12,KCg-d,left,right
720575940640715392,720575940613955039,129836,18921,15,1,15,aMe12,KCg-d,left,left
720575940640715392,720575940637165157,129836,121880,3,1,3,aMe12,KCg-d,left,left
720575940640715392,720575940610709106,129836,9717,1,1,1,aMe12,KCg-d,left,right
720575940640715392,720575940622884499,129836,57473,1,1,1,aMe12,KCg-d,left,left
720575940640715392,720575940626316974,129836,75881,15,1,15,aMe12,KCg-d,left,left
720575940640715392,720575940621936362,129836,52147,9,1,9,aMe12,KCg-d,left,left
720575940640715392,720575940622204669,129836,53707,7,1,7,aMe12,KCg-d,left,right
720575940640715392,720575940626460420,129836,76587,6,1,6,aMe12,KCg-d,left,left
720575940640715392,720575940620197658,129836,42352,13,1,13,aMe12,KCg-d,left,left
720575940640715392,720575940624879388,129836,68593,1,1,1,aMe12,KCg-d,left,left
720575940640715392,720575940615608123,129836,24381,4,1,4,aMe12,KCg-d,left,right
720575940640715392,720575940631490371,129836,104235,11,1,11,aMe12,KCg-d,left,left
720575940640715392,720575940631492419,129836,104244,34,1,34,aMe12,KCg-d,left,left
720575940640715392,720575940623314765,129836,60023,1,1,1,aMe12,KCg-d,left,right
720575940640715392,720575940614813526,129836,21692,1,1,1,aMe12,KCg-d,left,right
720575940640715392,720575940619229037,129836,38319,1,1,1,aMe12,KCg-d,left,left
720575940640715392,720575940645209966,129836,134053,6,1,6,aMe12,KCg-d,left,left
720575940640715392,720575940632182692,129836,107301,13,1,13,aMe12,KCg-d,left,right
720575940640715392,720575940619906987,129836,40941,15,1,15,aMe12,KCg-d,left,left
720575940640715392,720575940624465900,129836,66538,2,1,2,aMe12,KCg-d,left,right
720575940640715392,720575940612524030,129836,14368,11,1,11,aMe12,KCg-d,left,right
720575940640836952,720575940626950147,130075,79340,11,1,11,aMe12,KCg-d,right,right
720575940640836952,720575940625786899,130075,73198,1,1,1,aMe12,KCg-d,right,right
720575940640836952,720575940623888461,130075,63127,3,1,3,aMe12,KCg-d,right,right
720575940640836952,720575940626653273,130075,77575,22,1,22,aMe12,KCg-d,right,left
720575940640836952,720575940645269614,130075,134113,1,1,1,aMe12,KCg-d,right,right
720575940640836952,720575940620226729,130075,42495,18,1,18,aMe12,KCg-d,right,right
720575940640836952,720575940605829297,130075,2313,3,1,3,aMe12,KCg-d,right,left
720575940640836952,720575940615448793,130075,23877,11,1,11,aMe12,KCg-d,right,right
720575940640836952,720575940618776833,130075,36541,18,1,18,aMe12,KCg-d,right,right
720575940640836952,720575940628080902,130075,86140,1,1,1,aMe12,KCg-d,right,left
720575940640836952,720575940620896588,130075,46107,1,1,1,aMe12,KCg-d,right,left
720575940640836952,720575940627229007,130075,81179,7,1,7,aMe12,KCg-d,right,left
720575940640836952,720575940632969567,130075,110772,14,1,14,aMe12,KCg-d,right,right
720575940640836952,720575940605550950,130075,1862,18,1,18,aMe12,KCg-d,right,right
720575940640836952,720575940626772357,130075,78234,11,1,11,aMe12,KCg-d,right,right
720575940640836952,720575940623767991,130075,62481,22,1,22,aMe12,KCg-d,right,left
720575940640836952,720575940623231428,130075,59569,13,1,13,aMe12,KCg-d,right,left
720575940640836952,720575940628025799,130075,85806,2,1,2,aMe12,KCg-d,right,left
720575940640836952,720575940613863903,130075,18699,7,1,7,aMe12,KCg-d,right,left
720575940640836952,720575940622621164,130075,55999,28,1,28,aMe12,KCg-d,right,right
720575940640836952,720575940616442369,130075,27318,17,1,17,aMe12,KCg-d,right,left
720575940640836952,720575940626465286,130075,76607,13,1,13,aMe12,KCg-d,right,left
720575940640836952,720575940625721866,130075,72863,14,1,14,aMe12,KCg-d,right,right
720575940640836952,720575940611336726,130075,11059,9,1,9,aMe12,KCg-d,right,left
720575940640836952,720575940626786859,130075,78336,8,1,8,aMe12,KCg-d,right,right
720575940640836952,720575940613773890,130075,18443,5,1,5,aMe12,KCg-d,right,right
720575940640836952,720575940625766984,130075,73091,7,1,7,aMe12,KCg-d,right,right
720575940640836952,720575940624562836,130075,66970,12,1,12,aMe12,KCg-d,right,right
720575940640836952,720575940623207108,130075,59428,2,1,2,aMe12,KCg-d,right,left
720575940640836952,720575940626111175,130075,74936,25,1,25,aMe12,KCg-d,right,right
720575940640836952,720575940615332674,130075,23468,9,1,9,aMe12,KCg-d,right,left
720575940640836952,720575940633572250,130075,112879,2,1,2,aMe12,KCg-d,right,left
720575940640836952,720575940634661806,130075,115728,8,1,8,aMe12,KCg-d,right,right
720575940640836952,720575940631448531,130075,104029,26,1,26,aMe12,KCg-d,right,right
720575940640836952,720575940631577569,130075,104666,4,1,4,aMe12,KCg-d,right,right
720575940640836952,720575940630428667,130075,98579,11,1,11,aMe12,KCg-d,right,left
720575940640836952,720575940626951171,130075,79346,2,1,2,aMe12,KCg-d,right,right
720575940640836952,720575940620227617,130075,42501,19,1,19,aMe12,KCg-d,right,left
720575940640836952,720575940625343546,130075,70984,13,1,13,aMe12,KCg-d,right,right
720575940640836952,720575940623977545,130075,63649,10,1,10,aMe12,KCg-d,right,right
720575940640836952,720575940626586823,130075,77221,2,1,2,aMe12,KCg-d,right,right
720575940640836952,720575940608312533,130075,5817,22,1,22,aMe12,KCg-d,right,right
720575940640836952,720575940625777939,130075,73153,24,1,24,aMe12,KCg-d,right,right
720575940640836952,720575940637584755,130075,122834,14,1,14,aMe12,KCg-d,right,right
720575940640836952,720575940625003907,130075,69324,5,1,5,aMe12,KCg-d,right,left
720575940640836952,720575940626433448,130075,76465,1,1,1,aMe12,KCg-d,right,left
720575940640836952,720575940623859127,130075,62945,16,1,16,aMe12,KCg-d,right,left
720575940640836952,720575940615476667,130075,23980,2,1,2,aMe12,KCg-d,right,right
720575940640836952,720575940617672139,130075,31801,6,1,6,aMe12,KCg-d,right,right
720575940640836952,720575940609555922,130075,7648,2,1,2,aMe12,KCg-d,right,left
720575940640836952,720575940617293268,130075,30306,7,1,7,aMe12,KCg-d,right,right
720575940640836952,720575940620236270,130075,42548,7,1,7,aMe12,KCg-d,right,left
720575940640836952,720575940626394609,130075,76264,30,1,30,aMe12,KCg-d,right,right
720575940640836952,720575940608413193,130075,5992,9,1,9,aMe12,KCg-d,right,left
720575940640836952,720575940613824012,130075,18600,1,1,1,aMe12,KCg-d,right,right
720575940640836952,720575940654810785,130075,137694,15,1,15,aMe12,KCg-d,right,right
720575940640836952,720575940626316974,130075,75881,14,1,14,aMe12,KCg-d,right,left
720575940640836952,720575940614281214,130075,19844,7,1,7,aMe12,KCg-d,right,left
720575940640836952,720575940621936362,130075,52147,6,1,6,aMe12,KCg-d,right,left
720575940640836952,720575940619695860,130075,40034,2,1,2,aMe12,KCg-d,right,right
720575940640836952,720575940624879388,130075,68593,6,1,6,aMe12,KCg-d,right,left
720575940640836952,720575940630218552,130075,97520,1,1,1,aMe12,KCg-d,right,right
720575940640836952,720575940615608123,130075,24381,5,1,5,aMe12,KCg-d,right,right
720575940640836952,720575940631492419,130075,104244,6,1,6,aMe12,KCg-d,right,left
720575940640836952,720575940623906633,130075,63251,10,1,10,aMe12,KCg-d,right,left
720575940640836952,720575940635031403,130075,116681,8,1,8,aMe12,KCg-d,right,left
720575940640836952,720575940634490735,130075,115338,12,1,12,aMe12,KCg-d,right,right
720575940640836952,720575940620205951,130075,42404,5,1,5,aMe12,KCg-d,right,right
720575940640836952,720575940632182692,130075,107301,8,1,8,aMe12,KCg-d,right,right
720575940640836952,720575940619906987,130075,40941,1,1,1,aMe12,KCg-d,right,left
720575940640836952,720575940637740989,130075,123239,18,1,18,aMe12,KCg-d,right,right
720575940640836952,720575940627953607,130075,85400,1,1,1,aMe12,KCg-d,right,left
720575940640836952,720575940604497888,130075,701,16,1,16,aMe12,KCg-d,right,left
720575940640836952,720575940624465900,130075,66538,37,1,37,aMe12,KCg-d,right,right
720575940640836952,720575940612524030,130075,14368,10,1,10,aMe12,KCg-d,right,right
720575940647731252,720575940626950147,136042,79340,1,1,1,aMe12,KCg-d,right,right
720575940647731252,720575940621084771,136042,47211,17,1,17,aMe12,KCg-d,right,right
720575940647731252,720575940612739186,136042,15076,1,1,1,aMe12,KCg-d,right,right
720575940647731252,720575940605829297,136042,2313,1,1,1,aMe12,KCg-d,right,left
720575940647731252,720575940618776833,136042,36541,3,1,3,aMe12,KCg-d,right,right
720575940647731252,720575940627229007,136042,81179,9,1,9,aMe12,KCg-d,right,left
720575940647731252,720575940622621164,136042,55999,1,1,1,aMe12,KCg-d,right,right
720575940647731252,720575940626465286,136042,76607,7,1,7,aMe12,KCg-d,right,left
720575940647731252,720575940625766984,136042,73091,15,1,15,aMe12,KCg-d,right,right
720575940647731252,720575940610505426,136042,9315,17,1,17,aMe12,KCg-d,right,right
720575940647731252,720575940627028773,136042,79827,1,1,1,aMe12,KCg-d,right,right
720575940647731252,720575940632839085,136042,110281,14,1,14,aMe12,KCg-d,right,right
720575940647731252,720575940631448531,136042,104029,1,1,1,aMe12,KCg-d,right,right
720575940647731252,720575940620227617,136042,42501,2,1,2,aMe12,KCg-d,right,left
720575940647731252,720575940616885298,136042,28824,5,1,5,aMe12,KCg-d,right,right
720575940647731252,720575940623977545,136042,63649,6,1,6,aMe12,KCg-d,right,right
720575940647731252,720575940628259914,136042,87172,1,1,1,aMe12,KCg-d,right,right
720575940647731252,720575940608312533,136042,5817,12,1,12,aMe12,KCg-d,right,right
720575940647731252,720575940628215056,136042,86910,2,1,2,aMe12,KCg-d,right,right
720575940647731252,720575940625777939,136042,73153,1,1,1,aMe12,KCg-d,right,right
720575940647731252,720575940611310894,136042,11015,16,1,16,aMe12,KCg-d,right,right
720575940647731252,720575940615476667,136042,23980,13,1,13,aMe12,KCg-d,right,right
720575940647731252,720575940620236270,136042,42548,4,1,4,aMe12,KCg-d,right,left
720575940647731252,720575940610709106,136042,9717,15,1,15,aMe12,KCg-d,right,right
720575940647731252,720575940618817182,136042,36681,12,1,12,aMe12,KCg-d,right,right
720575940647731252,720575940612023983,136042,12875,2,1,2,aMe12,KCg-d,right,right
720575940647731252,720575940642021064,136042,131233,1,1,1,aMe12,KCg-d,right,right
720575940647731252,720575940623906633,136042,63251,2,1,2,aMe12,KCg-d,right,left
720575940647731252,720575940624465900,136042,66538,3,1,3,aMe12,KCg-d,right,right
